"gene","baseMean","log2FoldChange","lfcSE","stat","pvalue","padj"
"1110020G09Rik",476638.273004644,1.14266319334079,0.171845026330299,6.64938181652408,2.94326568938579e-11,1.10060652036359e-09
"1300017J02Rik",47710.8050151274,1.12234715741409,0.177254671395964,6.33183401359794,2.42264036944342e-10,7.94255915565443e-09
"1700013H16Rik",46.4465101567645,23.8949690158492,2.95699047851181,8.08084070256289,6.43217870490338e-16,7.73664093397423e-14
"1700020I14Rik",903546.555801117,1.0619727621915,0.173299034561661,6.12797852496772,8.90025949338991e-10,2.66781746465357e-08
"1700025C18Rik",22.1591390603744,-23.6291541925394,2.95740293745259,-7.98983252951415,1.35122182464335e-15,1.3792688073819e-13
"1700039E15Rik",25.8828782335687,-23.8435937560868,2.9572893395707,-8.06265164420743,7.46570456393259e-16,8.44205778355108e-14
"1810027O10Rik",890122.906561786,1.08596373198658,0.188621560103943,5.75736798798684,8.54355339288744e-09,2.13408018877363e-07
"2010011I20Rik",141732.747658669,1.33783451813636,0.156548712976046,8.54580336499519,1.2764519253976e-17,3.25736731881192e-15
"2310002J15Rik",133.39459241905,-26.0732300846848,2.28500776145714,-11.4105652175369,3.70315139259425e-30,3.17865049535226e-27
"2310007B03Rik",409.259519034865,-12.1215147088315,1.40855122528125,-8.6056612576594,7.5878042120898e-18,2.04697278201577e-15
"2310043J07Rik",565.317499886971,-12.5875571018394,1.43429532623711,-8.77612641663064,1.69201624598958e-18,5.15355399826892e-16
"2310046A06Rik",38.5160571615235,-24.3301833905845,2.95706761494119,-8.22780759819331,1.90671017118235e-16,3.30333163968876e-14
"2410076I21Rik",270459.107204998,1.16516076689483,0.20396501463887,5.71255207152954,1.11294345515871e-08,2.7118482848022e-07
"2700046A07Rik",929.01049971271,1.25055001788324,0.430211949394254,2.90682306626777,0.00365119653624739,0.0190942108530866
"2810453I06Rik",6123728.97113495,1.09083101836633,0.160872469867848,6.7807190332965,1.19579232706789e-11,4.7340340260692e-10
"2900052N01Rik",14.1966574999606,20.803629169534,2.95785027606262,7.03336113321699,2.01616630333296e-12,8.7124220760045e-11
"4930451C15Rik",67.846062013383,24.4319515412334,2.42022374496017,10.0949144028977,5.81818113329314e-24,3.54421072648735e-21
"4930452B06Rik",16.3858083949202,-23.2186702279013,2.95768108799878,-7.85029539598249,4.15058489839485e-15,3.27948306365223e-13
"4930555G01Rik",40.049538898545,-8.7683325531216,2.20428085310172,-3.97786540711605,6.95367118765063e-05,0.00065887168443349
"5730469M10Rik",1569482.12796831,1.61601684537609,0.214208503657977,7.54413021789443,4.55316016198765e-14,2.58203833330255e-12
"6030405A18Rik",11.9017013857836,-22.7807062651882,2.958083286786,-7.7011713520547,1.34824548711031e-14,9.02846375127347e-13
"6330407A03Rik",13325.1864819769,-1.09454954372874,0.143039926529898,-7.65205610966219,1.9779089303105e-14,1.25760377912402e-12
"6330407J23Rik",16.7270909455616,-23.2413851526266,2.95765930005187,-7.85803326036203,3.90211703313123e-15,3.1747825025527e-13
"9430007A20Rik",1333.65991741569,-29.232714764041,2.11548819058268,-13.8184249357541,1.97340564695806e-43,5.323684605308e-40
"9530026P05Rik",21.4830936006533,-23.5824638925365,2.95742776934656,-7.97397797402405,1.53646934979324e-15,1.49560243306678e-13
"9930023K05Rik",1531.1289038903,-1.2064927376887,0.42542978991591,-2.8359385409451,0.00456912376765973,0.0228989737867532
"9930032O22Rik",232.295463400199,-26.7944503197678,1.91430447469932,-13.9969637400427,1.6267345058745e-44,6.14385088178683e-41
"A730017C20Rik",79.0120858996438,-24.7690489162078,2.95683482391693,-8.37687946443897,5.43494576250878e-17,1.19341297417693e-14
"AI507597",28.1794407904122,-23.8107903891451,2.95723424443819,-8.05170927326003,8.16456637207133e-16,9.0163550508886e-14
"AI662270",434381.209374578,1.12743352420629,0.195651827078835,5.76244822774902,8.2902477490848e-09,2.07630024527477e-07
"AI747448",102.936655057672,-10.1302303184008,2.03216880428784,-4.98493545271739,6.19825014621987e-07,1.04787605873962e-05
"AU018091",22.3568339524858,-23.6406317537896,2.95739595614787,-7.99373235925516,1.30913795774202e-15,1.3435739779348e-13
"Aadac",620.878308978973,-28.180575549876,2.01699061755003,-13.971594763344,2.32364599312612e-44,7.31328848903228e-41
"Aadacl3",151.048455576605,-24.8426715031353,2.00842174634941,-12.3692504068383,3.8338249676186e-35,5.17128219203641e-32
"Abpe",18.048667667688,-23.3528360686677,2.95758273478567,-7.89591979761136,2.88181965885419e-15,2.48494440355263e-13
"Accn1",10.1847685365707,21.7872715377531,2.95833728728467,7.36470166244994,1.77543473004779e-13,8.94278455880833e-12
"Acmsd",98272.3403361042,1.39009900709652,0.208050295750648,6.68155266052867,2.36423789553515e-11,8.9471479798168e-10
"Acp1",144287.972126669,1.1275333783324,0.167070753579879,6.74883756834976,1.49034317949927e-11,5.81480177720336e-10
"Acsl1",323706.983895508,1.10964750267219,0.16457711830025,6.74241665021606,1.55773608071035e-11,6.0527341868589e-10
"Acsm1",27.2934392452013,-23.9129001194198,2.95725440885336,-8.08618292962214,6.1563699730478e-16,7.56890027780375e-14
"Acyp2",28192.3843765002,1.32988281937141,0.203799809662353,6.52543700396336,6.78035516248958e-11,2.3843617670103e-09
"Adam18",49.7799818343674,-24.7328003610348,2.95696482844447,-8.36425246696142,6.04972540708995e-17,1.31313809870674e-14
"Adam33",12154.4937952349,1.13108000147087,0.235005029135322,4.8130033881937,1.4867876757298e-06,2.26240922389053e-05
"Adam4",7622.84578847506,-1.00467712730508,0.20047442845107,-5.01149765118443,5.40080428684289e-07,9.31404458015901e-06
"Adcyap1r1",13.2330921243835,22.1516825207009,2.95794004568161,7.48888827312131,6.94594357775349e-14,3.80194778325499e-12
"Add2",48387.9113696796,1.16378635915053,0.214798454731565,5.41803878712687,6.02563459352175e-08,1.27995594672739e-06
"Adig",179.185062342135,-4.83736433206348,1.63229236467485,-2.96354037839727,0.00304122159020707,0.0164745922287637
"Adipor1",7259847.73549646,1.08141913264164,0.15120708298693,7.151907908541,8.55799781904325e-13,3.87552112265738e-11
"Adra2c",10.8690741723025,-22.6649118267037,2.95822295846141,-7.66166450093806,1.83538590674372e-14,1.19515267113615e-12
"Agbl1",2754.18178343038,-1.07057732988442,0.205281232050429,-5.21517393086097,1.83644836259365e-07,3.50880116673003e-06
"Aknad1",2006.29093836847,1.05610501479452,0.289672251456755,3.64586186451549,0.000266497110035001,0.00210390109778468
"Aldh1l2",1048.45021684284,-1.36956927459153,0.291261164137075,-4.702203531491,2.57368757544471e-06,3.68193304353772e-05
"Ankk1",84.1213413773903,-25.4407589608514,2.35751790035743,-10.7913322554175,3.78265751753335e-27,2.857268182444e-24
"Ankle1",3896.86336165756,1.00708402088501,0.24455987037489,4.11794469526513,3.82266399652044e-05,0.00039274856860877
"Ankrd43",17689.7529963244,1.12000939256805,0.228121812497675,4.9096988153181,9.12163796424375e-07,1.48879007188227e-05
"Ankrd56",87.3282972848569,-6.69332131070832,2.38327006734438,-2.80846111501184,0.00497788936075725,0.0246208650310477
"Ano4",10.8690741723025,-22.6649118267037,2.95822295846141,-7.66166450093806,1.83538590674372e-14,1.19515267113615e-12
"Antxrl",34.3043445639291,-24.2184955412392,2.95712339571721,-8.18988330900048,2.61479570863654e-16,4.13793143131072e-14
"Anxa13",87.30657968799,24.7828979750961,2.95681339009519,8.38162396656972,5.22023818691857e-17,1.15975268143259e-14
"Ap3b2",617.849669104178,-7.26898896668026,2.62825867351124,-2.76570530897144,0.00567998378833459,0.0275380780125572
"Apobec4",26.9963784513558,-23.8788867286415,2.95726151843353,-8.07466183825709,6.76639020678417e-16,8.03625865817058e-14
"Apol10a",42106.3631958603,1.55823397373415,0.336525423609223,4.63036033658955,3.65029929815362e-06,5.04259341231404e-05
"Apol10b",4209.37674049162,1.26416940695898,0.261225201779849,4.83938532096294,1.30241317594222e-06,2.01927507508152e-05
"Apol11a",12390.7915962068,2.24558330977272,0.324802222481154,6.91369440953569,4.72191802639306e-12,1.96050025482437e-10
"Apol11b",2723234.45010047,1.19687281053205,0.28796216482497,4.15635439905634,3.2336608937327e-05,0.000341714898249851
"Apol7a",86.6386327414389,-9.88155784938513,2.02850698487822,-4.87134524211578,1.10840963979829e-06,1.75892501159251e-05
"Armc4",77.96752781251,23.864503208511,2.95683761991092,8.07095494450249,6.97504547928364e-16,8.14942596661629e-14
"Asb10",19.3923307459727,-7.72199254521199,2.95751553709521,-2.61097277372085,0.00902850813235304,0.040320198258835
"Asgr1",10.1847685365707,21.7872715377531,2.95833728728467,7.36470166244994,1.77543473004779e-13,8.94278455880833e-12
"Atg4a",153577.539749306,1.18456466054015,0.188800238986429,6.27416928548115,3.51505905685279e-10,1.12505720728149e-08
"Atoh8",31.4542760341843,-24.1038466795408,2.95716960797815,-8.15098552836166,3.60970320019882e-16,5.32544025254333e-14
"Atp5l",483943.285818444,1.17629585714235,0.161937767389805,7.26387596977832,3.76152942330374e-13,1.76698312511612e-11
"Atpif1",287506.305688682,1.15021701673105,0.198386289813039,5.7978654564034,6.71643008903209e-09,1.7162796454842e-07
"Avpr1b",12.0619088687622,22.0202471109085,2.95806892635972,7.44412914610723,9.75859996135816e-14,5.19102539916303e-12
"B230312A22Rik",182212.924568423,1.00373551571583,0.129935958533657,7.72484789463291,1.11986985214211e-14,7.63452068153487e-13
"B3galt1",17.1788940272325,22.5123320063429,2.95763504894772,7.61159900859047,2.70725392058813e-14,1.62814595657281e-12
"BC048679",1398.71582554113,-28.9251665465413,2.48845173934835,-11.6237603041142,3.12090910218082e-31,2.80644035645631e-28
"Barx2",44.3838089457841,-24.5650106158429,2.95561594294858,-8.31129994221656,9.46593264286679e-17,1.86202783362392e-14
"Bbox1",37.7019726673622,23.6117783295393,2.95707823718982,7.98483382434215,1.40711731453456e-15,1.40592610410956e-13
"Bcan",13.7122010375269,-22.9733905374304,2.95788923714603,-7.76681907115518,8.04816764483897e-15,5.73203314402143e-13
"Bcat1",225.08277960018,-4.46373794730421,1.70098548053132,-2.62420696613467,0.00868509915828474,0.0389756208424546
"Bcl2l1",527823.470438281,1.07288379073841,0.153208945589556,7.00274900143658,2.50988256454441e-12,1.07719596247401e-10
"Bcl2l10",20.8368360698844,-23.5489237148491,2.95745302104354,-7.96256899003581,1.68503603621914e-15,1.59101102539811e-13
"Blvrb",288692.887022407,1.2802418652802,0.163134253166295,7.84778083346575,4.23463391716403e-15,3.33195112048856e-13
"Bnip3l",34371851.0267516,1.28271360192453,0.187427519638749,6.84378475688554,7.71277825697209e-12,3.13221730332604e-10
"Bola3",603113.192491544,1.09036142342709,0.196345229095635,5.55328707730404,2.80347095598985e-08,6.33262506374549e-07
"Brp44",149272.080981646,1.50344529146823,0.176823531097777,8.50251820068495,1.85521561413433e-17,4.37923645716408e-15
"Btnl3",10.0328341215917,21.7661268465217,2.95836346687551,7.35748906117684,1.87401758357533e-13,9.36215556831652e-12
"C1ql2",13.5167899702363,-22.9616637014215,2.95790769641266,-7.76280602983972,8.30706126458503e-15,5.83161877027597e-13
"Cacna2d3",35.5434477189052,23.5286674648573,2.95710654645202,7.95665191471958,1.76757075360445e-15,1.66063711995355e-13
"Cadm2",18.1178880103399,21.829271993816,2.9575824201387,7.38078230556709,1.5736212801055e-13,8.09707472847747e-12
"Calb1",12.2877073369121,-22.7761199801796,2.95803731730304,-7.69974058371429,1.36342741044837e-14,9.09786686180458e-13
"Camkv",12.0619088687622,22.0202471109085,2.95806892635972,7.44412914610723,9.75859996135816e-14,5.19102539916303e-12
"Camp",19156.0813437463,2.01004605495579,0.431749606766388,4.65558282730156,3.23065494583828e-06,4.51240295837352e-05
"Car1",18284.7486196182,1.21522756824212,0.206131408397311,5.89540224699678,3.73769729924479e-09,1.00402099287253e-07
"Car2",1030646.6300696,1.65704435433256,0.212618869151984,7.79349622609493,6.51800290564131e-15,4.78845196988502e-13
"Ccdc13",61.7578206147739,24.2963776780155,2.45787364067546,9.88512073034743,4.82999244141142e-23,2.76392658374586e-20
"Ccdc147",32.0443733263171,22.1788887552927,2.95716026677893,7.50006315330716,6.37870936602914e-14,3.53181445521804e-12
"Cd24a",5981531.23616845,1.12154429116636,0.179330530294167,6.2540622019386,3.99911611373391e-10,1.25865514486252e-08
"Cd36",606430.05034014,1.12681227518364,0.230785897779041,4.88250056016193,1.04748941689199e-06,1.67647849632813e-05
"Cd59a",92569.2714621205,1.3230233269698,0.262484289484719,5.0403905299133,4.6458281670029e-07,8.11580195242209e-06
"Cd59b",5292.75541876244,1.32658826565381,0.226114058583858,5.86689865266305,4.44021886322909e-09,1.18263882952353e-07
"Cdca8",2515.06700636476,1.13294783372888,0.291393647013972,3.88803203274557,0.000101060291764426,0.000915314574442433
"Cdh26",56.4179178387826,23.8051914212275,2.85142014430145,8.34853869879612,6.91127013919425e-17,1.48309574214255e-14
"Cdh8",11.0738181745831,-21.349936344094,2.95819357169417,-7.21722085680376,5.30607642734933e-13,2.43203755471031e-11
"Cdkn2a",14.5801127616839,-23.0619035297323,2.95781331146488,-7.79694358678463,6.34245765245476e-15,4.70113055127244e-13
"Cdkn2b",2081.83058331641,1.50467191286959,0.261921340036991,5.7447473071766,9.20583583467354e-09,2.28899363133869e-07
"Cdkn2c",37563.8815227702,1.49791664044825,0.162638154706591,9.21011827237329,3.25765787293302e-20,1.43064212261552e-17
"Cdr2",2391088.02034486,1.08667089247555,0.172588924470926,6.29629563893954,3.04842717275798e-10,9.84042713339518e-09
"Celf5",21.1244325450311,22.8040085161349,2.95744401031866,7.7107152110304,1.25114576741737e-14,8.43808452568197e-13
"Cend1",27.3699986614267,-23.9189707762769,2.95725261649779,-8.08824063349842,6.05327248407567e-16,7.56890027780375e-14
"Ces2f",154.155392768652,-26.2639659916269,2.22172160970054,-11.8214477803846,3.02427146704695e-32,3.17279679909526e-29
"Ch25h",59.3034720216587,24.2403528198816,2.83931557159084,8.53739297682222,1.37284026864745e-17,3.41114679383401e-15
"Chac1",1119.16162315131,-1.56711992011609,0.513566847358327,-3.05144291960629,0.00227744346211125,0.0128687140450355
"Chac2",62052.0318734856,1.21474525825088,0.1777342614478,6.83461505033256,8.22255239054501e-12,3.31369736518149e-10
"Cidec",45.0899087630943,23.8557105895805,2.95700186298264,8.06753316195679,7.17327255986053e-16,8.16367413120669e-14
"Clca6",127.487915722269,-10.4388710232013,1.18247218598735,-8.82800555218552,1.06558768939934e-18,3.53027332045916e-16
"Cldn23",163.950921073246,-26.354432952615,2.2444194577564,-11.7422048100402,7.74408584119923e-32,7.31196585126031e-29
"Cmas",499703.242407243,1.25562753287333,0.172243783292024,7.28982787578767,3.10351265994378e-13,1.4725309816678e-11
"Cnksr1",57.1934636983536,-24.9184372411201,2.84913775819054,-8.74595732322384,2.21132685502997e-18,6.62836449688666e-16
"Cnksr2",10.1847685365707,21.7872715377531,2.95833728728467,7.36470166244994,1.77543473004779e-13,8.94278455880833e-12
"Cntnap3",36.7060671592856,-24.2132742613484,2.95709000088464,-8.188210116738,2.65139643713512e-16,4.13793143131072e-14
"Col13a1",58.818937447881,-7.40788735114885,2.69802751450028,-2.74566783004839,0.00603878713659399,0.028902636590383
"Cox6c",479206.918907822,1.02522213526468,0.153396882940511,6.68346132992986,2.33363459765637e-11,8.84906741810097e-10
"Cox7b",182547.338491692,1.03827323802153,0.1568076849005,6.62131603231277,3.56014902374919e-11,1.30797381642957e-09
"Cpe",5269.03260620645,1.55003014833078,0.371097802006312,4.17687773937399,2.95537769900207e-05,0.000315663758302914
"Cpn2",27.5238096282289,23.0530174167441,2.95725066048961,7.79542218884057,6.41934848139451e-15,4.73527252822867e-13
"Crb1",26.462945582827,-23.8671973795503,2.95727453312475,-8.07067355844417,6.99114068307477e-16,8.14942596661629e-14
"Crct1",19.3402545444599,-7.71811326751395,2.95751796602267,-2.6096589627462,0.00906325265483961,0.0404375574565166
"Creg1",717948.006582861,1.13125757469231,0.164428813604794,6.87992298850549,5.98849257046679e-12,2.46914178385797e-10
"Cript",344339.697105517,1.08212373524226,0.180135904575565,6.00726289293607,1.88681443920163e-09,5.31653023099132e-08
"Crisp1",28.8712677828354,23.2365097719541,2.95722079152825,7.85754984494945,3.91720145676116e-15,3.1747825025527e-13
"Crisp2",2309.11871455867,1.26424220825741,0.294652244747635,4.29062473065567,1.78171178647225e-05,0.00020280798900387
"Crispld1",13.7122010375269,-22.9733905374304,2.95788923714603,-7.76681907115518,8.04816764483897e-15,5.73203314402143e-13
"Crym",10.8690741723025,-22.6649118267037,2.95822295846141,-7.66166450093806,1.83538590674372e-14,1.19515267113615e-12
"Csda",1914953.21789696,1.19025565218523,0.145149494245208,8.2002053012632,2.39976840268914e-16,3.90665745830877e-14
"Csmd3",15.7946327880121,-22.9624408588347,2.95772090449786,-7.76355903760741,8.25786561576472e-15,5.81871396597392e-13
"Ctf1",27.1986594265108,-23.8825479354985,2.95725667397802,-8.07591310745859,6.69735622749552e-16,8.00461234177376e-14
"Ctsf",161968.356715746,1.21911749673799,0.190626207157534,6.39532997543464,1.60201014317676e-10,5.40220706138393e-09
"Cygb",16.1850922695304,22.4328110104109,2.95769785513608,7.58455126559194,3.33639734659063e-14,1.95060456634729e-12
"Cyp2b19",854.125382487008,-13.1829308010208,1.61324055415579,-8.17170803638731,3.0405364058376e-16,4.63044270063203e-14
"Cyp2j8-ps",11.0738181745831,-21.349936344094,2.95819357169417,-7.21722085680376,5.30607642734933e-13,2.43203755471031e-11
"Cyp4b1",9744.67728404256,1.48498714803713,0.237201855990819,6.26043646173917,3.839014685229e-10,1.21230691163653e-08
"D430050G20",62.7200077991297,-25.0377503366147,2.82573109238337,-8.86062739802199,7.95653787145572e-19,2.79575808228901e-16
"D630003M21Rik",55.5006418418452,-24.6351983952418,2.95692865677034,-8.33134689903179,7.99277515753452e-17,1.65863259422947e-14
"D730039F16Rik",37.9478323217543,23.6184365993171,2.95707522041331,7.98709361069821,1.38157183367242e-15,1.39516590946899e-13
"Dact2",33.058978108289,23.4264837505223,2.95714370171643,7.92199707336668,2.33725814621537e-15,2.09179065559863e-13
"Darc",12233.3485997344,1.26135961711653,0.196906731221232,6.40587352851512,1.49510863840819e-10,5.06887460102339e-09
"Ddx4",1741.88964990688,1.35643839132552,0.277617478979777,4.88599779923918,1.02906347328183e-06,1.65154737640042e-05
"Defb1",28.9487819114119,-23.9970413342961,2.95721775196947,-8.11473599409933,4.86842053324182e-16,6.52023073402401e-14
"Des",39.6716239674948,23.665638004941,2.9570551030269,8.00311025003096,1.21315228061934e-15,1.26569987111688e-13
"Dgat2l6",484.175740647508,-12.3640145270567,1.65463309932428,-7.47236020608186,7.87690319083585e-14,4.28437866655866e-12
"Dhrs11",186600.589399941,1.51782034728421,0.17845213029185,8.5054762013874,1.80851718004151e-17,4.32304283897517e-15
"Dio3os",40.820760328732,-8.79585126319423,2.19911220729519,-3.99972826944231,6.34152547301908e-05,0.000610674997615973
"Dmp1",38.221089690784,-24.3680448886082,2.95707112616692,-8.24060154420267,1.71346971016449e-16,3.02403383240619e-14
"Dnaja4",149339.766676129,1.02344078980574,0.239184981882785,4.27886726729056,1.87846835074095e-05,0.000212795418928567
"Dnajb2",121091.983955773,1.09110442024592,0.144950305977174,7.52743785458265,5.17456224651004e-14,2.88249066262819e-12
"Dnm3",991.392931125376,-1.41849931996274,0.542190014064831,-2.61624021683498,0.00889039871111255,0.0397834808674525
"Dpyd",15.6280510101516,-23.0496965135287,2.95773264198956,-7.79302908799222,6.54215530729896e-15,4.78845196988502e-13
"Dsc2",1458.4215241788,2.23252743994125,0.763238220105397,2.92507290794865,0.00344375529726157,0.0182417601776964
"Dsc3",29.4309428332827,-24.0127595914854,2.95720785288735,-8.12007839355626,4.65882651389283e-16,6.37516520930089e-14
"Dtna",7348.21917950957,1.00753446525234,0.334160572015165,3.01512072228144,0.00256876989701371,0.0141950910436564
"Duox2",15.301753695041,22.3521227867076,2.95776049456064,7.55711046510137,4.12121954426338e-14,2.35121177866676e-12
"Dusp8",2949.90738156324,1.13608208591882,0.267494167395386,4.24712844014863,2.16527841295188e-05,0.000241947441125345
"E030024N20Rik",10358.2521177241,-1.04541233183747,0.115282199995794,-9.06828922310301,1.20900279271342e-19,5.07351305280003e-17
"E2f2",834277.350681243,1.23362235793943,0.154898802833812,7.96405353282786,1.66493172076748e-15,1.57992817160668e-13
"ENSMUSG00000056738.5",12950.3522348118,1.12271888651546,0.235938793004427,4.75851754694023,1.95019941951981e-06,2.88617287133324e-05
"ENSMUSG00000059027.8",847.059449154766,1.14889877084196,0.401015294615399,2.86497494302264,0.00417042240459891,0.0212791831095504
"ENSMUSG00000074128.4",72.4086327455048,23.5578136746189,2.9568546919517,7.96718680114422,1.62327199237708e-15,1.54817516687115e-13
"ENSMUSG00000079160.2",2169.5380941743,-1.04072996307103,0.218735739966259,-4.75793285190415,1.95585533008366e-06,2.89227658992168e-05
"ENSMUSG00000079489.2",6442.37160892111,-1.06642991216874,0.156443383159144,-6.81671471578889,9.31459720893722e-12,3.71874954954694e-10
"ENSMUSG00000084756.1",1611.67888811056,1.06476182420414,0.337875583464631,3.1513429093807,0.0016252156072931,0.00964414252564142
"ENSMUSG00000084768.1",16.8114275415255,-23.2549847426947,2.95765405464108,-7.86264529693849,3.76104908726963e-15,3.08798482452172e-13
"ENSMUSG00000084814.1",2691.63463656773,1.0382475701967,0.321607726480639,3.22830418770803,0.00124526479665085,0.00772015115559903
"ENSMUSG00000084833.1",2606.59987406749,1.21281517804272,0.268030571553237,4.5249135985289,6.04201843086087e-06,7.77760572926902e-05
"ENSMUSG00000084866.1",26590.3466383358,1.12071327645766,0.187640407465029,5.97266490516723,2.33409014453723e-09,6.46289710988873e-08
"ENSMUSG00000084923.1",31.762992026128,22.1778565118943,2.95716510646114,7.49970181355031,6.39631721925741e-14,3.53181445521804e-12
"ENSMUSG00000085087.1",22.4264569027719,-23.6454955383875,2.95739351183908,-7.99538358481195,1.29171077211455e-15,1.33293258036127e-13
"ENSMUSG00000085205.1",6418.64068412054,-1.07241872727306,0.194605756355213,-5.51072459190559,3.57359503901491e-08,7.85608483314989e-07
"ENSMUSG00000085270.1",44.8615023888347,-24.5816006067401,2.949887694053,-8.33306320654064,7.87770772897885e-17,1.65291814171152e-14
"ENSMUSG00000085292.1",14.5764773626349,-23.0615696938014,2.95781360360897,-7.7968299509012,6.34816929980127e-15,4.70113055127244e-13
"ENSMUSG00000085447.1",5797.6385056858,1.73863648909913,0.288213057122749,6.03246954338592,1.61472783457165e-09,4.59917351855974e-08
"ENSMUSG00000085460.1",3037.45282213709,-1.11643642452363,0.252976578418286,-4.41320074571351,1.01853471847148e-05,0.0001234532068268
"ENSMUSG00000085471.1",4785.85200354256,-1.04958451777045,0.21560115743262,-4.86817663814474,1.12632635350458e-06,1.78286226819619e-05
"ENSMUSG00000085478.1",728.054267955067,-1.49539352138886,0.317662966228508,-4.70748459961544,2.50792221260432e-06,3.60697662321553e-05
"ENSMUSG00000085539.1",806.526000234218,-1.6125621393775,0.54510497095918,-2.95825983120278,0.00309381221997648,0.0167306844106632
"ENSMUSG00000085613.1",21.1112008119067,-23.5658503063757,2.95744212739639,-7.96832170884171,1.60843704382802e-15,1.54817516687115e-13
"ENSMUSG00000085617.1",793.524313002435,-1.02170869327836,0.399424038933294,-2.55795493933452,0.0105289734613089,0.0456658554991635
"ENSMUSG00000085662.1",11.0738181745831,-21.349936344094,2.95819357169417,-7.21722085680376,5.30607642734933e-13,2.43203755471031e-11
"ENSMUSG00000085668.1",14.1966574999606,20.803629169534,2.95785027606262,7.03336113321699,2.01616630333296e-12,8.7124220760045e-11
"ENSMUSG00000085709.1",62.6057284310676,-9.41284800036027,2.1002496506127,-4.48177577252033,7.40244977449444e-06,9.31298211469374e-05
"ENSMUSG00000085719.1",1448.18705066665,-1.06876014839777,0.238742466239677,-4.47662355688675,7.58327886147168e-06,9.52145199601271e-05
"ENSMUSG00000085732.1",8272.43158452264,-1.19916635866841,0.167886547292236,-7.14271856804016,9.15028521196826e-13,4.12396147834866e-11
"ENSMUSG00000085784.1",6840.96720282121,-1.20431710002663,0.22526069923565,-5.34632585316963,8.97575571579658e-08,1.84437617994671e-06
"ENSMUSG00000085847.1",5376.62925371965,-1.19235513690654,0.175590578273807,-6.79054166019798,1.11713311572084e-11,4.4319205372421e-10
"ENSMUSG00000085889.1",25.5236437029387,-23.8122796744102,2.95729889235132,-8.05203685565826,8.14273768905461e-16,9.0163550508886e-14
"ENSMUSG00000085952.1",21.3286453980001,-22.0386807566272,2.95743329850271,-7.45196206716984,9.19621701075078e-14,4.93356142133573e-12
"ENSMUSG00000086125.1",27.3250083936546,-23.9169169800206,2.95725367017944,-8.08754325717662,6.08802122306872e-16,7.56890027780375e-14
"ENSMUSG00000086152.1",15.8838332136632,-22.9578068277327,2.95771453047035,-7.76200900770563,8.35944669662026e-15,5.84665894144359e-13
"ENSMUSG00000086276.2",46256.1917625054,1.12722167971975,0.222902306531847,5.05702115540335,4.25856012892438e-07,7.50874411527619e-06
"ENSMUSG00000086291.1",1465.77902400414,-1.05266671477112,0.318550302144166,-3.3045541243741,0.000951276059957832,0.00617316052104594
"ENSMUSG00000086299.1",44.2120672377965,-8.91096412343976,2.54644090665497,-3.4993798992749,0.000466341635684495,0.00336764644293155
"ENSMUSG00000086369.1",31.3694915212327,-24.0966591041085,2.9571711129912,-8.14855082218579,3.68311258016961e-16,5.3769680123715e-14
"ENSMUSG00000086438.1",3528.10649148408,1.27333553948863,0.278649841058121,4.56966181876644,4.88511852983671e-06,6.47827094925817e-05
"ENSMUSG00000086459.2",28.6783849456168,-23.9633870052931,2.95722346978635,-8.1033399234534,5.3470567431162e-16,7.06110626132911e-14
"ENSMUSG00000086587.1",1591.62894641617,1.42867375118544,0.374309195503883,3.81682782134756,0.000135178432379835,0.00117918021237718
"ENSMUSG00000086630.1",44.1109608165159,-8.90768237006576,2.18430343378838,-4.07804256142957,4.54164538888098e-05,0.000457026069197343
"ENSMUSG00000086634.1",24.8725858281939,-23.7809076835424,2.95731678656492,-8.04137987231501,8.88324049985554e-16,9.69659616180763e-14
"ENSMUSG00000086647.1",27.4753955437597,-23.9244991475477,2.95725016347849,-8.09011677233497,5.96075576304526e-16,7.56890027780375e-14
"ENSMUSG00000086679.1",869.665497925489,-1.5879654146772,0.594012271713687,-2.67328722030611,0.00751119096060893,0.0347309819050292
"ENSMUSG00000086745.1",1515.88971179049,1.14315597891669,0.417328486776003,2.7392234538024,0.00615845008308544,0.0293751380068162
"ENSMUSG00000086770.1",47.4043325578331,23.9309380003526,2.91772854886162,8.20190692848706,2.36603453147631e-16,3.88523444281727e-14
"ENSMUSG00000086872.1",32.0076130720418,-24.1241843967931,2.95715999518686,-8.15788947370387,3.40929270012954e-16,5.06937664167293e-14
"ENSMUSG00000086885.1",93.6413757749258,10.0000227452748,1.5107798963683,6.61911292923175,3.61360723783994e-11,1.32503609862853e-09
"ENSMUSG00000087002.1",38.1362340577136,-23.3289479428084,2.95707192692348,-7.88920544353472,3.04116526200704e-15,2.61042567307913e-13
"ENSMUSG00000087030.1",14.6836497077511,-23.0714666984833,2.95780486614536,-7.80019904712315,6.18096044445719e-15,4.63179591401308e-13
"ENSMUSG00000087042.1",15.4196735138895,-23.1381895908584,2.95774798051622,-7.82290774713675,5.16169326148502e-15,3.9623339654424e-13
"ENSMUSG00000087049.1",7963.91470143277,-1.45793661915452,0.183715170035589,-7.93585319531363,2.09053171156413e-15,1.9163883903484e-13
"ENSMUSG00000087066.1",5629.76674672524,1.06564054423556,0.254305496555245,4.19039524772544,2.78468952354228e-05,0.000300663676172513
"ENSMUSG00000087274.1",53.3450771924854,-24.8262628189383,2.88611917417254,-8.60195346093292,7.8370574600203e-18,2.08443652218343e-15
"ENSMUSG00000087292.1",680.233476830405,-1.00902107910598,0.372128634813647,-2.71148464458069,0.00669826434337433,0.0315279221984748
"ENSMUSG00000087319.1",10.1847685365707,21.7872715377531,2.95833728728467,7.36470166244994,1.77543473004779e-13,8.94278455880833e-12
"ENSMUSG00000087451.1",29.1578743930948,-24.0052250377918,2.95721341819708,-8.11751525611129,4.75825006674582e-16,6.46437368780058e-14
"ENSMUSG00000087470.1",26.9806897383404,-23.5762705584474,2.9572617187455,-7.9723314338403,1.55708540955437e-15,1.50789748071922e-13
"ENSMUSG00000087492.1",696.693518856153,-1.8287195024003,0.723789232780017,-2.52659119475477,0.0115175481947231,0.049185296270726
"ENSMUSG00000087513.1",28.2413883228822,-8.26432866309486,2.69548083143974,-3.0659942251122,0.00216947504978128,0.0123622108750965
"ENSMUSG00000087591.1",17.3354725008819,22.525787595705,2.95762582004305,7.61617221592185,2.6130899793869e-14,1.59623111926458e-12
"ENSMUSG00000087648.1",22.0900381818178,-23.6223013435958,2.95740539545313,-7.98750870608201,1.37692935392872e-15,1.39516590946899e-13
"ENSMUSG00000089744.1",760.633419179379,-1.03871591186817,0.37580582128338,-2.7639697233027,0.00571028374955393,0.0276494867504042
"ENSMUSG00000089822.1",31.1760963668598,-24.0865989780224,2.95717460005342,-8.14513927503207,3.78845599307655e-16,5.39684414496588e-14
"ENSMUSG00000089941.1",26.6443044920766,-8.18035396389216,2.71447756249866,-3.01360161413978,0.00258166569462093,0.0142508550064956
"ENSMUSG00000089959.1",1883.14775159342,-1.14999449393814,0.340333717792345,-3.3790201611461,0.000727446731899367,0.00493037334163148
"ENSMUSG00000089982.1",69.1255008023731,-24.7907463602299,2.77110788189763,-8.94614984937125,3.68097261185172e-19,1.448155975046e-16
"ENSMUSG00000090136.2",5079.03289842042,1.48839272812467,0.29517337607067,5.04243556088311,4.5964356596678e-07,8.03695287010802e-06
"ENSMUSG00000090447.1",7153.4072377152,-1.22856644027811,0.165128342593964,-7.44007007506304,1.00631904206672e-13,5.33801370516518e-12
"ENSMUSG00000090561.1",2286.30617937261,-1.10402148276954,0.251176734316722,-4.39539707279347,1.10570447290192e-05,0.000132994415708789
"ENSMUSG00000090586.1",4745.92797546384,-1.31850696564508,0.191851774732959,-6.87252941746477,6.30733678429097e-12,2.59494003996842e-10
"ENSMUSG00000090797.1",27.0699236386819,-23.9010100521926,2.95725974579263,-8.08214769980796,6.36359652192929e-16,7.73664093397423e-14
"ENSMUSG00000091329.1",33.0593798110391,23.4266382048537,2.9571436964653,7.92204931835262,2.33627603631705e-15,2.09179065559863e-13
"ENSMUSG00000091461.1",26.6406075123837,-23.8726346823747,2.95727011509533,-8.07252423798463,6.885949677942e-16,8.12714210739105e-14
"ENSMUSG00000091540.1",36.0893588922404,-8.6180959332999,2.60564176823168,-3.30747535535116,0.000941409948283578,0.00611965076192327
"ENSMUSG00000091546.1",21.197193219745,-23.5635443326366,2.95743874419288,-7.96755110444979,1.61849537386688e-15,1.54817516687115e-13
"ENSMUSG00000091686.1",19.1153256552234,-23.4307430312047,2.957528647005,-7.92240611259412,2.32957981513747e-15,2.09179065559863e-13
"ENSMUSG00000091943.1",36.0352911301492,-8.61594018421274,2.60634428796482,-3.30575673520882,0.00094720284254682,0.00614884100331872
"ENSMUSG00000092079.1",27.5260443746121,-23.8973844076804,2.95724901670114,-8.08095100301641,6.42636287185054e-16,7.73664093397423e-14
"ENSMUSG00000092085.1",52.7470417589349,-24.8136530034859,2.87731357344531,-8.62389599537944,6.47138971253142e-18,1.80933158116672e-15
"ENSMUSG00000092273.1",2646.12638017285,-1.21123999993765,0.218705852418496,-5.5382148513334,3.0557025912436e-08,6.86951044441001e-07
"ENSMUSG00000092399.1",35.9751427756594,-24.2711845671635,2.95709971337345,-8.20776670377308,2.2534051427311e-16,3.73274585222228e-14
"ENSMUSG00000092434.1",1308.40562088486,-1.11873510326379,0.356948017570251,-3.13416813708348,0.00172342073834753,0.0101481375812145
"EU599041",20.4773789988361,-23.5254926356592,2.9574677753582,-7.95460658326526,1.79701614424843e-15,1.67166762896489e-13
"Edn1",19.494702747113,-7.72959348512854,2.95751079681603,-2.61354700495092,0.0089607756673056,0.0400699236801797
"Egfl8",544.648206585558,1.13575102622943,0.405779372266296,2.79893731385656,0.00512710899297354,0.0252926662025372
"Eif5",2411587.07550318,1.28759640437625,0.178910034589631,7.19689316102159,6.15999913022493e-13,2.80979283997989e-11
"Elmod1",26.7748680217063,23.0439029944056,2.95726848460491,7.79229316322431,6.58038357743257e-15,4.79783642765393e-13
"Emx2",29.1794580976012,-23.9972447549192,2.9572129567844,-8.1148179402721,4.8651364916286e-16,6.52023073402401e-14
"Epb4.2",165420.503945718,1.42651067818633,0.250794621902162,5.68796359095302,1.28563222995527e-08,3.08878868072204e-07
"Epha5",10.4398215317157,-22.5873445596829,2.95828911449402,-7.63527285045167,2.25342677568137e-14,1.41374455920156e-12
"F830002L21Rik",108959.303709729,1.0913700315997,0.18494517352626,5.90104629816004,3.61203518821183e-09,9.73033844424996e-08
"F830116E18Rik",161913.590580889,1.25725694075406,0.184529597824511,6.81330775971084,9.53797889464725e-12,3.79989859591811e-10
"Fabp1",95.5075018031107,24.0896807842999,2.95679611924033,8.14722416183674,3.72373029948818e-16,5.3769680123715e-14
"Fam123c",13.6469390407823,-22.9708701224172,2.95789534546892,-7.76595093454043,8.10349197133639e-15,5.73203314402143e-13
"Fam159b",2323.90260943008,1.23159770674154,0.277506245536338,4.43809004860853,9.07606500051508e-06,0.00011158360121727
"Fam196a",942.714225670335,-1.07599839424688,0.377460129960372,-2.85062794409529,0.00436329920284019,0.0220488472428242
"Fam47e",32.1025788627921,23.3852668393755,2.95715954220633,7.90801663069144,2.61521883651525e-15,2.30774731349318e-13
"Fjx1",10.0328341215917,21.7661268465217,2.95836346687551,7.35748906117684,1.87401758357533e-13,9.36215556831652e-12
"Fkbp6",27.8009091201447,-23.9416842950491,2.95724270705665,-8.09594837715513,5.68199173989858e-16,7.39991255284446e-14
"Foxi1",41.1296075750133,-24.47222057089,2.95703875454088,-8.27592148845195,1.27465968353993e-16,2.38323499643249e-14
"Fpr3",25.5346123332192,-23.3814823486908,2.9572986180209,-7.90636502049908,2.65013358543188e-15,2.32768012219979e-13
"Fundc2",487973.792455421,1.07582910222132,0.176948930087987,6.07988475367652,1.20268958332241e-09,3.52664442413982e-08
"Gabra1",16.3922133783776,22.4336171760795,2.95768411596904,7.58485906421061,3.32848666134881e-14,1.95060456634729e-12
"Galr3",27.9402875638314,23.190912678522,2.95724108703572,7.84207712390742,4.43154032525454e-15,3.45806642570689e-13
"Gcnt3",18.4070808235583,-23.3669510652375,2.95756385640185,-7.9007427057435,2.77246423507995e-15,2.40161534932338e-13
"Gdap1l1",11.6807627557476,-22.4320195815831,2.95811084982373,-7.58322480813041,3.37070049157849e-14,1.96457740996815e-12
"Glb1l2",235.820731999466,-7.10421439391233,1.86866879023875,-3.80175150942862,0.00014367678864185,0.00124060012652616
"Glrb",37.8151692840572,23.6132728636889,2.95707684393489,7.98534299577669,1.4013211480422e-15,1.40592610410956e-13
"Glrx",225327.422714696,1.3492351089122,0.181573897314258,7.43077682899,1.07961732235588e-13,5.71078249730211e-12
"Glrx5",424895.540896728,1.32467442076115,0.153880434369181,8.60846556738378,7.40449921880724e-18,2.0264719311298e-15
"Gm1082",44.6431097667517,-24.5735310133745,2.95213682497287,-8.32398105856775,8.50572046478247e-17,1.74589157887992e-14
"Gm11818",22675.7752033234,1.00792645237654,0.207278967441116,4.8626566642024,1.15820643896123e-06,1.81959820244126e-05
"Gm11978",13.7380834604237,-22.9826654039647,2.95788685462205,-7.76996096657705,7.85103162127614e-15,5.63721981506383e-13
"Gm12824",966.174239326207,1.93460508798862,0.625271859074253,3.09402231991201,0.0019746263042808,0.0114137873064091
"Gm12839",467682.129888335,1.34247341202647,0.217519957474615,6.1717252412719,6.75488128464098e-10,2.05079064596721e-08
"Gm13152",3428.24800167132,1.04057684280906,0.313923960721224,3.31474169865335,0.000917278420621639,0.00599187066257338
"Gm14160",21.5476166756523,-23.5881101461866,2.95742533147344,-7.97589372592361,1.51282075037755e-15,1.48792224219426e-13
"Gm1673",1033.35834011057,1.11318284895526,0.362169609139449,3.07365063457503,0.00211456904267995,0.012090039568548
"Gm1821",551632.590173245,1.20162469307909,0.14846989758947,8.09338938457188,5.80269911802592e-16,7.50535411950695e-14
"Gm4013",2078.79131531465,1.31523021875716,0.330480918794366,3.9797463150226,6.89888474054504e-05,0.000655654451134637
"Gm5088",5574.02282692144,1.25461947582147,0.164797966880638,7.61307617787652,2.67647928219669e-14,1.6147806634186e-12
"Gm5577",72.1138367998861,23.9026186692034,2.76723730604179,8.63771914935381,5.73463818844908e-18,1.64080162955564e-15
"Gm5736",1286.12783316774,1.61451623591245,0.433269702448904,3.72635387793553,0.000194269608684352,0.00160550866100451
"Gm5840",9634.85194487784,-16.678660995884,1.60491967267895,-10.3922092051148,2.69047888072049e-25,1.81453582798306e-22
"Gm648",26.8702171486923,-23.8644806318266,2.95726453009715,-8.06978218855605,7.04236874639952e-16,8.1587786139269e-14
"Gm8439",21.3286453980001,-22.0386807566272,2.95743329850271,-7.45196206716984,9.19621701075078e-14,4.93356142133573e-12
"Gm8787",58.6266916277499,24.2252204815128,2.95691186111546,8.19274351734454,2.55337915396065e-16,4.10515241171107e-14
"Gpr110",379.014583769527,-27.5070225181241,1.83279803287875,-15.0082125933533,6.4872379566463e-51,4.08350005244362e-47
"Gpr156",33.4190464172109,23.4415256985412,2.95713797272231,7.92709907849217,2.24324312322931e-15,2.04644459608997e-13
"Gpr21",4887.81839582219,-1.04022820178866,0.202678374234119,-5.13240845610431,2.86057870184354e-07,5.24967621045806e-06
"Gprin1",10.3491270715804,-22.5496757950925,2.95830393888321,-7.62250135920964,2.4880650040544e-14,1.54554669528169e-12
"Gpx1",4766102.87034781,1.52670284831675,0.162058573626083,9.42068546055023,4.48152697599667e-21,2.06412574182247e-18
"Grid1",20.4102051071892,22.7547254469817,2.95747313361945,7.69397536982313,1.42632523041041e-14,9.45078093020008e-13
"Gstt1",5212.31986799089,1.01265352378038,0.20428718263006,4.95700959180672,7.15864438275559e-07,1.20163413799073e-05
"Gyltl1b",884.417146689296,-1.66385676108487,0.313824636379763,-5.30186788481262,1.14623783524683e-07,2.29539292479334e-06
"Gypa",1474904.14062517,1.65527340565902,0.264384208687821,6.26086336197759,3.82851876868268e-10,1.21101756160475e-08
"Hagh",1041070.51356614,1.32659468491744,0.182197517625423,7.28107990826065,3.31158443468239e-13,1.56731730487574e-11
"Hbb-y",3088.74908891887,1.14054285685909,0.287557596138129,3.96631100056641,7.2993606439623e-05,0.000687144199404706
"Hist1h2af",1606.4085949962,1.34203739774616,0.300441343443413,4.46688655550806,7.93661887692734e-06,9.93866782970131e-05
"Hist1h2ag",2031.93022422208,1.13818759088806,0.26104943726077,4.36004613850629,1.30035023371548e-05,0.000152995724694599
"Hist1h2bm",6317.69795904917,1.0605749532079,0.231234636096453,4.58657479308382,4.50577033442739e-06,6.04310845137264e-05
"Hist1h3b",4775.57356318447,1.32545244672537,0.252719871026664,5.24474961680208,1.56494702712612e-07,3.03413343534391e-06
"Hist1h3c",6417.89508124338,1.11455547652237,0.210064455110322,5.30577853324601,1.12193107600155e-07,2.25388791906524e-06
"Hist1h3g",1716.46879971991,1.22310541950908,0.295240317925189,4.14274523244148,3.43173099482524e-05,0.000360427186353058
"Hscb",197887.647509094,1.09188421708403,0.167431790987256,6.52136736187178,6.96693148357115e-11,2.44541885010702e-09
"Hsd3b6",11346.8234192094,1.65826193180186,0.23478451562027,7.06291012173846,1.63051193577375e-12,7.14398779469873e-11
"Hspa12a",2164.87027967001,1.06852266238598,0.258862933425944,4.12775459292113,3.66322753128491e-05,0.000379881321805515
"Htr1a",32.9938617199097,-24.1735472119197,2.95714365730403,-8.17462728001463,2.96781881890883e-16,4.55644638831499e-14
"Htr2b",5136.75111917409,-1.10994657171321,0.188246827845324,-5.89622988295567,3.71900764676482e-09,1.00042365244312e-07
"Igsf11",16.846040654598,22.4832922693634,2.95765526380684,7.60172848556555,2.92201301892871e-14,1.73519791979402e-12
"Il1f6",24.819555442121,-23.2907299195927,2.95731839578014,-7.87562473923224,3.39044422819515e-15,2.87108290606445e-13
"Insc",23.2328310865369,-23.6893081610535,2.95736644247425,-8.01027151076822,1.14455475216736e-15,1.20747329273343e-13
"Irx2",50.3004500280279,-9.09709979636176,2.50111859187643,-3.63721249600435,0.000275604552574983,0.00217035711877647
"Iscu",412754.716891888,1.08732553995047,0.158914359504931,6.84221075639631,7.79802465010704e-12,3.16004071872578e-10
"Isg15",96444.6918876476,1.13246387708858,0.272139727558561,4.16133244215468,3.16396102032093e-05,0.000335287541569812
"Kbtbd12",3562.37038230653,1.11878102769009,0.275278234454458,4.06418266197934,4.82010681751256e-05,0.000481093536690841
"Kcnu1",59.7789006565913,-9.34617910674548,2.11220095898945,-4.42485316890351,9.65079008372003e-06,0.000117805765960549
"Klf5",815.205279702836,1.111214897741,0.411596533131396,2.69976738940671,0.00693879716841831,0.0324739146786645
"Klhl31",39.4966502394542,23.673833365241,2.9570570667295,8.00587639366195,1.18618828070254e-15,1.24444330515482e-13
"Klk1b21",15.8314358726261,22.4016373914914,2.95772210520769,7.57394934163985,3.62045641210643e-14,2.07807595398838e-12
"Klk1b3",78.2497888138057,24.6067462999479,2.95683666682154,8.3219836171739,8.65032694710019e-17,1.75648144160258e-14
"Klk1b9",10.7900615130203,21.8676744838951,2.95824059441573,7.39212169732735,1.44504171926042e-13,7.45578355915675e-12
"Klra21",24.2915361884219,-23.7548044554708,2.95733362765712,-8.03250747001106,9.5500420765182e-16,1.02467610552824e-13
"Krt12",24.1600647111986,-8.03913736642236,2.95733750865727,-2.71836993339066,0.00656044434180119,0.0310028605982416
"Krt13",849.754678994244,-5.66779494777336,1.94737604197013,-2.91047790751259,0.00360876478601332,0.0189530127153361
"Krt14",30.9774805235658,-24.0854454766958,2.95717816832459,-8.14473937846686,3.80099698835237e-16,5.39684414496588e-14
"Krt5",169.451997944858,-26.4057579612546,1.97434595710213,-13.3744331211395,8.5301545082766e-41,2.01354297167869e-37
"Krt6a",232.565961075845,-11.3061285005581,1.65012123766868,-6.8516956466372,7.29796984702245e-12,2.97014790067181e-10
"Krt6b",307.426571827266,-11.7087428863856,1.44119351048883,-8.12433778057613,4.49811476176232e-16,6.24576464419998e-14
"Lamb3",1399.29818066418,-1.0795742171461,0.273281810653067,-3.95040641221682,7.80186008568232e-05,0.00072971929597833
"Lce3a",60.3869001621857,-24.988452406659,2.8350925221958,-8.81398127610499,1.20778237183032e-18,3.73957819555894e-16
"Lcn2",26470.9171860522,1.27407543939946,0.449207020296924,2.83627677625631,0.00456428723923558,0.022883804126676
"Lingo1",11.0738181745831,-21.349936344094,2.95819357169417,-7.21722085680376,5.30607642734933e-13,2.43203755471031e-11
"Lrp2",1458.02450009394,-7.57753536357158,2.17959435658469,-3.47658055760668,0.000507851636185976,0.00361487760939916
"Ltf",15991.1032400554,1.80558964722273,0.416254895580755,4.33770188985667,1.43980259814659e-05,0.00016762781913317
"Luzp2",21.5313389484173,22.8285893470211,2.95742831047842,7.71906770018311,1.1718365338483e-14,7.93152727784632e-13
"Mab21l1",19.6583599417165,-23.4714848080456,2.95750338294793,-7.93624952159821,2.08386576202566e-15,1.9163883903484e-13
"Mab21l2",5298.44272757732,-1.1524813078626,0.139659076922552,-8.25210457678812,1.55629141239213e-16,2.79895305062981e-14
"Macc1",20.5272664748828,-23.5289351290956,2.9574656965547,-7.95577617569856,1.78011960216075e-15,1.66414745382196e-13
"Maged1",2489.8953415108,1.01260528702027,0.399978926610786,2.53164659348572,0.0113528350884826,0.0486027970552947
"Magi1",1419.47226125343,-1.13839623970881,0.440954516812853,-2.58166363265072,0.00983253664568005,0.0431805353067785
"Mal",2107.72256034421,-4.84953147044632,1.75355971566841,-2.76553540042849,0.00568294364543946,0.0275453562116218
"Mall",111.317324510926,-25.8298758907929,2.28730092381607,-11.2927318053538,1.42536476017634e-29,1.17028644048565e-26
"42796",8263427.8840296,1.00084172928398,0.164712981087276,6.07627718639653,1.23004715946407e-09,3.59091718019323e-08
"Marveld3",38.6749489948487,-24.3838163925769,2.95706575665646,-8.24595000557158,1.63853170984684e-16,2.91905969893846e-14
"Matn4",16.8114275415255,-23.2549847426947,2.95765405464108,-7.86264529693849,3.76104908726963e-15,3.08798482452172e-13
"Mdga1",3829.06035740548,1.11451115798428,0.197432648037584,5.64501955001951,1.65162479759532e-08,3.87926401465051e-07
"Meis2",73.0660990364393,-25.2512963845364,2.95685280224733,-8.53992338250465,1.34310861383651e-17,3.38176840849181e-15
"Memo1",645338.646444755,1.21620018114217,0.171225575289552,7.10291192822981,1.22155256557787e-12,5.44051854914446e-11
"Mettl7b",24.551295195215,-23.7703870118648,2.95732600481623,-8.03779731188004,9.14677638646044e-16,9.87015573039537e-14
"Mgst3",14088.847397834,1.10377454972565,0.20908821971094,5.27898965925293,1.29898134666495e-07,2.57127502624957e-06
"Micall2",5915.32575930431,1.05324107122128,0.24622999243015,4.27746864151841,1.89030576437814e-05,0.00021362378249262
"Mir138-2",35.2617001167862,23.5122070461679,2.95711049580061,7.9510749021917,1.84900105168607e-15,1.71159489509999e-13
"Mir139",40.7168626794642,-8.79217691251855,2.20025658303687,-3.99597800561209,6.44277157741613e-05,0.000619555102619885
"Mir188",36.0643432013105,-24.2799926960323,2.9570985369506,-8.21074860801568,2.19813674883205e-16,3.67341720043756e-14
"Mir451",13998.7149236683,1.48555186831929,0.223258170049185,6.6539641885984,2.85302121014745e-11,1.0689772327862e-09
"Mir681",50.1238740506874,-9.09202221378164,2.49945405795947,-3.63760325372985,0.000275186885885805,0.00216797211225179
"Mkrn1",10763576.2452411,1.07860596705869,0.147468979655982,7.31412104142091,2.5907153977477e-13,1.24486182114676e-11
"Mpo",995.217268890305,2.60906402377922,0.688360259409748,3.79025951616735,0.000150489971171598,0.00129460536187752
"Mpp1",474329.367850931,1.14485368384261,0.170728228220593,6.70570822279824,2.0043185997075e-11,7.64637422967202e-10
"Mras",12219.4322032486,1.02595075995807,0.232344834966278,4.4156383338884,1.00712348970488e-05,0.000122226992156729
"Muc4",1319.29464292415,-4.19729454183259,1.42836954390377,-2.9385214489811,0.00329781838171956,0.0175920910509582
"Muc5ac",1176.52593903948,-8.10162689394234,2.43357052509164,-3.32911120117929,0.000871236114488951,0.00574456102863455
"Myh1",71.6776472245489,24.5079903112253,2.95685728376224,8.28852662108936,1.14659902647971e-16,2.18710868848918e-14
"Mylk2",23.3863059708942,7.99849597727092,2.95736352447996,2.70460358054136,0.00683859454949264,0.0320844768876072
"Mylk3",56100.2031689685,1.04004357519653,0.163457558910466,6.36277442370356,1.98141587042213e-10,6.58751008750908e-09
"Myt1l",16.3036112584537,-23.1437358872213,2.95768657969442,-7.82494536307915,5.07877439994704e-15,3.91459492933061e-13
"Nat3",43.7713028398378,-24.5427529499782,2.9570130659855,-8.29984596019996,1.04246470600561e-16,2.02947458847525e-14
"Nbl1",658.99831402675,1.1161149588912,0.420850497372884,2.65204619183874,0.00800055957929614,0.0366083273795561
"Nek11",666.779890061942,1.54492798859925,0.412826161914424,3.74232093585071,0.000182328449099112,0.00152349134194143
"Nfatc4",16.2349955913161,-23.0997842919337,2.95769101128834,-7.81007353498756,5.71546297746198e-15,4.31723211465568e-13
"Ngp",27009.5809528318,2.06310779025461,0.410939114072522,5.02047072085359,5.15450078935318e-07,8.93005439505922e-06
"Nhlrc4",1704.38560242343,1.30150195936161,0.196802476558115,6.61323974232246,3.75998766448367e-11,1.37603889643623e-09
"Nlgn3",2546.51377574937,1.09012479266846,0.37639002217065,2.89626379143018,0.00377634814383459,0.0196887240055694
"Nnat",2057.98664505196,-1.20982193248829,0.30272766462131,-3.99640361247355,6.4312049441e-05,0.000618995281164039
"Nol4",12.2940981412761,22.0493438918799,2.95804142691674,7.45403485267029,9.05280666846531e-14,4.88437717506568e-12
"Nova1",10.7900615130203,21.8676744838951,2.95824059441573,7.39212169732735,1.44504171926042e-13,7.45578355915675e-12
"Nqo1",13820.9012604606,1.15144820117696,0.193870269679789,5.93927167419112,2.86291098584816e-09,7.83524797924009e-08
"Nsun7",60.8803042970337,-9.37252915378192,2.11791069002174,-4.4253656199666,9.62790757578402e-06,0.000117678580363175
"Nt5c1b",16.5061523155256,-23.2263386352487,2.95767331241421,-7.85290875018586,4.06497428401982e-15,3.23894406664263e-13
"Nt5c3",1028886.88915297,1.34155134852441,0.240926364324652,5.56830445802372,2.57230080914214e-08,5.85610113632559e-07
"Nusap1",403934.700395686,1.37749554914451,0.237646859455339,5.79639702498735,6.77547550264642e-09,1.72902809989155e-07
"Oaz1",4285.19837712575,1.00076094278518,0.219185734118016,4.56581240021008,4.9756359600929e-06,6.57655182076631e-05
"Ocm",16.8114275415255,-23.2549847426947,2.95765405464108,-7.86264529693849,3.76104908726963e-15,3.08798482452172e-13
"Olfm4",5776.09347604986,1.06860567236172,0.344475225687105,3.10212634371667,0.00192135936428014,0.0111434122343569
"Olfr1420",26.2887476861919,-23.7778718393748,2.95727884968825,-8.04045646283284,8.95044279546916e-16,9.71380239940457e-14
"Olfr168",50.0333606402549,-9.08941209844537,2.50994952788084,-3.62135254015231,0.000293066832548379,0.00228123415739637
"Olfr169",30.2691690138652,-24.0523117771491,2.95719139030598,-8.13349851348662,4.1707520557356e-16,5.87764789705306e-14
"Olfr32",22.0365820726229,22.8623657531069,2.95740958997089,7.73053750506433,1.07093432321909e-14,7.35400863987977e-13
"Olfr455",31.1380756748764,-24.0921630408236,2.95717526087825,-8.14701900139275,3.73005088763327e-16,5.3769680123715e-14
"Olfr527",40.2314013384477,-24.4430828028209,2.95704825310085,-8.26604123797746,1.38480668069739e-16,2.51448936137399e-14
"Olfr558",29.1381493006598,23.2483691626369,2.95721523227328,7.861574940139,3.79333374864968e-15,3.10100928612556e-13
"Olig1",18.3159364039168,-23.3152522658557,2.95756852941787,-7.883250052855,3.18973853053521e-15,2.72556662491524e-13
"Omp",779.270789587851,-1.91393081655134,0.420891685210129,-4.54732389307195,5.43323498953643e-06,7.09061572511444e-05
"Osr2",41.221887124062,-24.1435961804601,2.95703788841377,-8.16479094673059,3.21992356740788e-16,4.86440293175443e-14
"Otud7a",106.608114838868,-7.90569146779906,2.56885456622198,-3.07751617072895,0.00208733513092625,0.0119736441714494
"Pabpc1",9003575.24237053,1.00855869147384,0.149041236167593,6.76697749835983,1.31500518561111e-11,5.17382928120634e-10
"Paqr9",459156.37856269,1.03595287938061,0.163142347578727,6.34999370032171,2.15323745243611e-10,7.13363790382518e-09
"Pcdhga12",846.921529419037,-1.09052240329844,0.31701318522814,-3.43999068213405,0.000581734214226713,0.00407321798348433
"Pcdhgb6",1134.17111902334,-1.06340026259679,0.393449490904079,-2.70276182122711,0.00687660024417179,0.0322387584436296
"Pcsk1n",22.6779416384535,-23.6619181982041,2.95738486805723,-8.00096005554668,1.2345283530847e-15,1.28092491316767e-13
"Pcx",21370.0505877637,1.11320483127626,0.180509544213911,6.16701369517097,6.95917324566515e-10,2.10942259343725e-08
"Pde6h",1380.97538607439,1.48645754906242,0.370954725124071,4.0071131283346,6.14654265896738e-05,0.000595237495240718
"Pgf",10.7900615130203,21.8676744838951,2.95824059441573,7.39212169732735,1.44504171926042e-13,7.45578355915675e-12
"Phgr1",1251.8287775177,1.22503158624415,0.353454822367622,3.46587883010978,0.000528501403182506,0.00373931078969593
"Phxr4",7064.06523020693,-1.0075449289709,0.173698489876475,-5.8005393696135,6.61019516429152e-09,1.69142175450516e-07
"Pink1",229299.256537159,1.18887146341233,0.121198357252774,9.80930344569606,1.0267483909148e-22,5.70268135706912e-20
"Pla2g1b",18.4742725945506,-23.3708897938543,2.95756044037163,-7.90208358038412,2.74279392356272e-15,2.38686269366629e-13
"Pla2g2a",54.6585387837261,23.286001641723,2.95693353358302,7.87505075012848,3.40604575400363e-15,2.87141821511627e-13
"Pla2g4c",3639.53969067237,1.28992161801986,0.253391680437422,5.09062340086742,3.56888221492049e-07,6.42466842197889e-06
"Plac8l1",15.5474144927091,-23.1511685520944,2.95773866931286,-7.8273205108661,4.9837740579114e-15,3.85711431596717e-13
"Pld5",20.8021201787852,-7.82324341908931,2.95745439611663,-2.64526257086562,0.00816275492888486,0.037179320809711
"Plunc",10348.5832186636,16.7881075107166,0.977064077317051,17.1821970538673,3.60977049106982e-66,6.81669059533625e-62
"Pmp22",3471.06475067983,1.05898543396874,0.317307189742225,3.33741392632497,0.000845619091291675,0.00560107713782953
"Pnpo",303627.006896892,1.46464131564963,0.163210548362404,8.97393783885481,2.86098774516574e-19,1.14950835275978e-16
"Pou5f2",3386.45652615496,-1.23877279670022,0.236765984811308,-5.23205559991003,1.67635307823335e-07,3.23257946070766e-06
"Ppp1cb",9817275.23228178,1.17985624721453,0.172593044741187,6.83605906010748,8.14013955332969e-12,3.29161446092244e-10
"Ppp2r2b",14.1966574999606,20.803629169534,2.95785027606262,7.03336113321699,2.01616630333296e-12,8.7124220760045e-11
"Prdx2",2327579.61295932,1.37257742890729,0.15428307271603,8.89648750666013,5.76419488460871e-19,2.13433443531276e-16
"Prmt8",10.0328341215917,21.7661268465217,2.95836346687551,7.35748906117684,1.87401758357533e-13,9.36215556831652e-12
"Prrxl1",16.4292269975186,-23.2222622345554,2.95767828045444,-7.85151731613872,4.11033743306161e-15,3.26132823890485e-13
"Prss22",521.493685104231,-12.4711588081195,1.21086302722382,-10.2993968167585,7.09044898895842e-25,4.61710478301692e-22
"Prss27",795.221201990568,-4.88301083487226,1.78268104233901,-2.73913881333779,0.00616003584416024,0.0293752820406874
"Prtg",92.261707874972,-7.69652290016473,2.60219915781783,-2.95769940476767,0.00309944208250276,0.016751456346904
"Psapl1",1967.51400354288,-5.07021207181626,1.50053190614643,-3.37894319410858,0.000727650418509157,0.00493037334163148
"Psca",544.031407952711,-5.32602974364684,1.49818132183337,-3.55499675909003,0.000377983748494679,0.00282239822323983
"Ptcra",17.7555190272607,22.5607974160119,2.95760184299972,7.62807119200662,2.38291967728414e-14,1.49003493992827e-12
"Ptn",10.1847685365707,21.7872715377531,2.95833728728467,7.36470166244994,1.77543473004779e-13,8.94278455880833e-12
"Ptp4a3",1085812.55129826,1.01457692820425,0.136691345863584,7.4223932890147,1.15022655274402e-13,6.03357728389393e-12
"Pxt1",36.5689792670461,-24.3135304141182,2.95709181001617,-8.22210873932426,1.99955762289205e-16,3.4017699234859e-14
"Rgs6",1005.29782076553,1.21513676412051,0.462574531663813,2.62689940959317,0.00861668019237761,0.0387514619559083
"Rgs8",15.301753695041,22.3521227867076,2.95776049456064,7.55711046510137,4.12121954426338e-14,2.35121177866676e-12
"Rhd",67384.4834988738,1.10921462130372,0.196517498299322,5.64435549456385,1.65801171492386e-08,3.88942772976672e-07
"Rhox3-ps",27.2408778322694,-23.9119684680279,2.95725564380533,-8.08586451364704,6.17247745595095e-16,7.56890027780375e-14
"Rims1",30.5393182351419,23.2966969750137,2.95718754081766,7.87799104840413,3.32686547049372e-15,2.82993367318935e-13
"Rnf11",4328418.92053929,1.14862834555004,0.165386839803125,6.94510123609204,3.78189021510739e-12,1.59770055530398e-10
"Rundc3a",49029.273835528,1.13060233394563,0.154872551449542,7.30021119535818,2.87316377869207e-13,1.36667064979398e-11
"Rxrg",24.8066829451681,-22.922883747924,2.95731837233672,-7.75123975908332,9.09996825198257e-15,6.31778678200143e-13
"Samd4",3900.36533534144,1.06968439519099,0.219606549470236,4.87091299312988,1.11083751492522e-06,1.7612977020863e-05
"Samd7",1589.8745827607,1.10980859993493,0.301291428617231,3.68350538556099,0.00023004842125284,0.0018541333277587
"Scd3",1006.32274472607,-3.04851458173468,1.00606712150215,-3.03013041235555,0.0024444816255104,0.0136330747241992
"Scgb1a1",520.713299631929,12.4752972980885,1.37138363704193,9.09686900231486,9.29733913903914e-20,3.9902489159458e-17
"Scgb3a1",1793.85795999919,2.22188798462262,0.416634522407644,5.33294257946459,9.66338758098552e-08,1.97492869133475e-06
"Scgb3a2",867.312434653394,7.13106458670577,1.75903825963313,4.0539565001804,5.03585845746828e-05,0.000498935735104046
"Scn3a",654.134346821948,1.95452016840028,0.551764554222585,3.54230831510031,0.000396641579196844,0.00293157713563726
"Sec61g",1594480.53481722,1.25470584202435,0.188804437199299,6.64553153854062,3.02124757444148e-11,1.12753437145757e-09
"Sh3bgr",807.846898873356,1.81703310934845,0.635459217127398,2.85940161126684,0.00424441058852216,0.0215750873630289
"Shd",78.8336850483416,-25.3645891260486,2.95683528033091,-8.5782895296115,9.62943173562535e-18,2.52558595688263e-15
"Slc25a48",41.154187473028,-8.80757077751666,2.56685010008189,-3.43127585722114,0.000600749358345357,0.00418463699114486
"Slc26a7",23.4127149893888,22.9464357314255,2.95736270694698,7.7590874049785,8.55426828720902e-15,5.96084141459982e-13
"Slc2a5",11.6923737556029,21.9773736749476,2.95811486763918,7.42952003499695,1.08992438744948e-13,5.73318443804902e-12
"Slc30a2",16.5061523155256,-23.2263386352487,2.95767331241421,-7.85290875018586,4.06497428401982e-15,3.23894406664263e-13
"Slc35f1",16.3922133783776,22.4336171760795,2.95768411596904,7.58485906421061,3.32848666134881e-14,1.95060456634729e-12
"Slc38a11",46.1820789215208,-24.6319817189543,2.93331007389435,-8.3973330805264,4.56733122363641e-17,1.03915039550783e-14
"Slc38a3",21.5313389484173,22.8285893470211,2.95742831047842,7.71906770018311,1.1718365338483e-14,7.93152727784632e-13
"Slc39a12",28.708451931223,23.2289065279491,2.95722426983293,7.85496952832104,3.99869353947595e-15,3.21324803401973e-13
"Slc4a1",1243465.72617784,1.07429774419147,0.232439354109142,4.62184103164832,3.80349433903977e-06,5.21985371354847e-05
"Slc6a1",14.3542259656115,22.2653520114314,2.95783635667674,7.52758074704563,5.16890442502805e-14,2.88249066262819e-12
"Slc6a11",10.6980865040246,-22.6417791568173,2.95824863606972,-7.65377827973879,1.95158650006252e-14,1.24505944145881e-12
"Slc6a14",1215.94982826055,-6.75258914366445,1.70641311628273,-3.95718309899914,7.5838799509265e-05,0.00071109229887436
"Slc6a9",45487.8970680678,1.0333409114762,0.157012790781395,6.58125307074439,4.66499765246637e-11,1.67160940548719e-09
"Slco1a4",15.7800306637501,-22.9861485932194,2.95772202030707,-7.77157164716684,7.75182112878952e-15,5.58722863343746e-13
"Slco6b1",37.484664289991,-24.3483435541512,2.9570801247636,-8.23391403913943,1.81193731546801e-16,3.16820595049055e-14
"Slco6c1",14.8380979104042,-20.9908263408888,2.95779278085189,-7.09678733303389,1.27690315226496e-12,5.67365626526389e-11
"Slitrk6",71.2292678244354,24.497790727227,2.41475751552219,10.1450313622606,3.48666410141474e-24,2.19473882970387e-21
"Snrnp25",59716.164996147,1.39558768471901,0.163816404545077,8.51921813688073,1.60634041036885e-17,3.93949770252017e-15
"Snx15",105434.863905109,1.22939997260531,0.155412217718701,7.91057479683193,2.56203188288083e-15,2.27142770311369e-13
"Snx24",38.2506285130404,22.58786304703,2.95707160525471,7.63859184434069,2.19610273397443e-14,1.38699679024659e-12
"Sorcs1",27.4701242081073,-23.9171975573556,2.95725027812195,-8.08764741161665,6.08281897664498e-16,7.56890027780375e-14
"Sox11",10.9714461734428,-22.6607443624489,2.95820795115583,-7.66029458936277,1.85507070860534e-14,1.19969709798984e-12
"Spag16",45.7522842268948,23.8312304985961,2.95699622154558,8.05926985126135,7.67514985410632e-16,8.62723391934189e-14
"Spata18",37.5573026164414,23.6044195836762,2.95708003355212,7.98234045607549,1.4358433535682e-15,1.42707715204115e-13
"Spnb1",386197.432809396,1.06276478910763,0.294968237033541,3.60298044221888,0.000314589207149494,0.00242279877153794
"Spp1",3100.49569398253,2.7461142054059,0.65705157014821,4.17945003127602,2.92214915667253e-05,0.000312645125635151
"Sptlc3",1131.45452592275,-13.5885809014254,1.72708143454536,-7.86794451588928,3.60515392968267e-15,2.99910690784703e-13
"Steap2",46.8294129437922,23.9107685620364,2.95698738441682,8.0861922807128,6.15589756263444e-16,7.56890027780375e-14
"Stk3",122470.969942308,1.05485546866849,0.181056261717654,5.826119785426,5.67309038069626e-09,1.46955608709284e-07
"Sult1d1",115.093407373716,10.2976028811238,1.75595694249498,5.86438233872201,4.50807631410122e-09,1.19733492426846e-07
"Syt17",14.3542259656115,22.2653520114314,2.95783635667674,7.52758074704563,5.16890442502805e-14,2.88249066262819e-12
"Tac2",1808.37316157298,1.12769854719997,0.349439611929531,3.22716288795384,0.00125024265769758,0.00774475313481122
"Tas2r143",1034.5886550421,-1.10088559274097,0.367133217747537,-2.99859979844701,0.00271223312455964,0.0148802470436329
"Tcfap2b",24.3797749105963,-23.5838993702488,2.95733091798588,-7.97472451487129,1.52721084407929e-15,1.49429272433126e-13
"Tex101",31.1898020232767,-8.40760982294513,2.27103649366734,-3.70210247452618,0.000213820218370599,0.00174829005111293
"Tfdp2",1157631.28172215,1.13442963340628,0.180952500319691,6.26921225958233,3.62879189754955e-10,1.15558357830229e-08
"Tm4sf1",7598.97279116592,1.61924034580921,0.229878519441538,7.04389583569164,1.86937915694708e-12,8.15273810618676e-11
"Tmc5",54.4057339039276,23.9880266459406,2.95693520526568,8.11246272939056,4.96039893529333e-16,6.59663193620277e-14
"Tmeff2",32.420138527547,22.5441349621344,2.95715402693461,7.62359172258052,2.46712849448084e-14,1.53759915807842e-12
"Tmem200a",101.669123278764,-25.706721368886,2.67738206988328,-9.60143927833457,7.88357648524907e-22,3.91772258809062e-19
"Tmem30b",47.7645108131708,-9.0224686764545,2.5184956370157,-3.58248334594921,0.000340343320665565,0.00258615794525078
"Tmem88b",11.6923737556029,21.9773736749476,2.95811486763918,7.42952003499695,1.08992438744948e-13,5.73318443804902e-12
"Tmod1",31153.6763682378,1.12895673858135,0.202824915340837,5.56616398278386,2.60408199782447e-08,5.91762749060376e-07
"Tmprss11bnl",86.0946169665507,-25.1939195140486,2.38028863313125,-10.5843968514466,3.52040663974943e-26,2.46219848092697e-23
"Tmprss11e",32.11324941194,-24.1284721466776,2.95715819514319,-8.15934439567894,3.36847919445009e-16,5.04844135777742e-14
"Tnk1",4201.83475202216,1.4333009426752,0.224844071818222,6.37464413041751,1.8338827975654e-10,6.10776768063933e-09
"Tnr",1790.15282029454,-1.15892047936116,0.446448022590382,-2.59586877020279,0.00943520935942594,0.0417759656608205
"Tprg",19.5344859506624,-23.4308490633874,2.95750904060728,-7.92249448494541,2.327924188504e-15,2.09179065559863e-13
"Trim10",785353.230326819,1.54534133794426,0.225464226817822,6.85404225652576,7.17918598442333e-12,2.93445342272403e-10
"Trim42",27.6463522205134,23.1747819152371,2.95724778003944,7.83660472134263,4.62892316113128e-15,3.5972257191277e-13
"Troap",1273.16436326595,1.42389769365209,0.444775063516195,3.20138832063871,0.0013676708030445,0.00832594953084862
"Tspan12",5748.59527740196,1.19379856379756,0.190039189098482,6.28185465040534,3.34557568203795e-10,1.07262905228531e-08
"Tspan17",11231.6402371855,1.02967252018989,0.174154158318549,5.91241995098675,3.37117694371522e-09,9.12053086033211e-08
"Tspan33",286708.623317627,1.03241223175105,0.148769861010258,6.93965985274309,3.93045148984116e-12,1.64573494310777e-10
"Tspo2",45080.7419183109,1.03734036534046,0.192938931405819,5.3765217718479,7.59385203008656e-08,1.57932050370214e-06
"Tspy-ps",45.9038881586843,-24.6148299137734,2.93305669743072,-8.39221073882932,4.77084733397574e-17,1.07253191731902e-14
"Ttc39a",9815.02244665772,1.06351864231832,0.221545944662143,4.80044283338242,1.58315163919298e-06,2.39745273091581e-05
"Ttc9b",43.9008568145846,23.8243903827998,2.95701241917594,8.05691252031979,7.82456044820451e-16,8.74313606531917e-14
"Ttll9",1491.55556647349,-1.02142699441353,0.310983827262001,-3.28450197364439,0.00102162782624445,0.00655090657752126
"Txnrd2",84397.0515769995,1.03264111820104,0.169624510686655,6.0878060253251,1.14468436199145e-09,3.37753429560104e-08
"Ubac1",565076.45149836,1.03578324254373,0.169138893408412,6.12386200282552,9.13340074375349e-10,2.72472574478738e-08
"Ubb",2653703.80457807,1.15558720860845,0.150604288795681,7.67300332446834,1.68015132801373e-14,1.10936984888851e-12
"Ube2c",185876.186002867,1.29306348712137,0.195776671933028,6.60478837623569,3.98085591226022e-11,1.44288835023267e-09
"Ube2f",178478.306543273,1.14878983822753,0.166146795532009,6.91430631899374,4.7015827115273e-12,1.95992688575015e-10
"Ucp3",551.944329587366,-1.26538199272033,0.489635067831182,-2.58433693960133,0.00975664272076716,0.0429474221769154
"Upp1",2697.83849640373,1.12583716221099,0.441120829886919,2.55221945084661,0.0107039075278449,0.0463288081035581
"Urod",111392.861570985,1.07979546441192,0.152655870872373,7.07339624897017,1.51186970455831e-12,6.67059521048579e-11
"Usp13",14.5567258088825,22.2843604300261,2.95781929150578,7.5340506751112,4.91900226699845e-14,2.77284891970146e-12
"Vangl1",24687.8795050049,1.42610023747636,0.186764282969735,7.63582958582856,2.24370941303879e-14,1.41234028519415e-12
"Vax2",29.649322075691,-24.0265094942582,2.95720347768819,-8.12474003751715,4.48322252441949e-16,6.24576464419998e-14
"Vmn2r87",19.0165890531322,-23.425261268566,2.95753340455431,-7.92053987707913,2.36481517456425e-15,2.10647027153167e-13
"Vnn1",73.6958017432496,-9.64813139050206,2.09457889215634,-4.60623919520617,4.10016733861675e-06,5.5783544684754e-05
"Vopp1",317842.872144545,1.006219542459,0.15997742707889,6.2897595044006,3.17958169964026e-10,1.02288280776843e-08
"Wasf1",26.2167200206065,23.0912812257083,2.95728243380317,7.80827727570549,5.79749331727094e-15,4.36174756188623e-13
"Wbp2nl",14.5764773626349,-23.0615696938014,2.95781360360897,-7.7968299509012,6.34816929980127e-15,4.70113055127244e-13
"Wdr26",2448877.07944776,1.00987758852234,0.180020812706502,5.60978240981947,2.02581160223598e-08,4.68242671929304e-07
"Wdr63",28.6962940547948,23.2296102631078,2.9572245186178,7.85520683900092,3.99112957928805e-15,3.21324803401973e-13
"Wscd1",19296.5137028945,1.04477286596294,0.20183840167288,5.17628388504682,2.2634896558738e-07,4.24971572910572e-06
"Wwtr1",10652.7840154427,1.80206096997015,0.199204692576172,9.04627770895044,1.47924930176874e-19,6.07263995969583e-17
"Xirp2",71.3642234246714,24.4661222337087,2.95685833438381,8.27436402657664,1.29143050602905e-16,2.39091898782868e-14
"Yipf4",442398.374339977,1.01709898281052,0.17738393314982,5.73388448857693,9.81561925727276e-09,2.41666432926126e-07
"Zar1",15.0673442862421,-23.1007750756579,2.95777448184695,-7.81018810508936,5.7102698040304e-15,4.31723211465568e-13
"Zfand6",447279.764664342,1.00228344490474,0.1628806437387,6.15348405985332,7.57989985520368e-10,2.28656276143237e-08
"Zfp641",44.8231400963342,-24.590724265726,2.95700369326933,-8.3160952154706,9.09087959789283e-17,1.80707547712219e-14
"Zfp874a",47692.5871626675,1.01597854064791,0.174659975959654,5.81689385370466,5.99511837707825e-09,1.54449952841399e-07
"Zfp936",29.8856632254346,-23.7174201407234,2.95719871502456,-8.02023212718948,1.05545517650095e-15,1.11973121084517e-13
"Zfpm2",11.9017013857836,-22.7807062651882,2.958083286786,-7.7011713520547,1.34824548711031e-14,9.02846375127347e-13
"Zg16",62.9113460271552,9.42616012156079,2.42749321321412,3.8830840268674,0.000103139905866045,0.000930575242414902
"Zscan5b",34.0301224273724,-24.2147591763202,2.95712750293665,-8.18860842228585,2.64263805211705e-16,4.13793143131072e-14
"a",57.4763330532095,-24.8744577181888,2.84577514773157,-8.74083735604227,2.31388934148605e-18,6.82741973822227e-16
